{"cameraMode":{"drawMode":0,"name":"Shaded","section":"Shading Mode"},"sceneLighting":false,"audioPlay":false,"sceneViewState":{"m_AlwaysRefresh":false,"showFog":true,"showSkybox":false,"showFlares":true,"showImageEffects":true,"showParticleSystems":true,"showVisualEffectGraphs":true,"m_FxEnabled":true},"in2DMode":false,"pivot":{"x":-0.5936199426651001,"y":-0.020649075508117677,"z":0.2426784634590149},"rotation":{"x":0.06254535168409348,"y":0.854307234287262,"z":-0.10591186583042145,"w":0.5051746368408203},"size":2.602782726287842,"orthographic":false}