{"cameraMode":{"drawMode":0,"name":"Shaded","section":"Shading Mode"},"sceneLighting":false,"audioPlay":false,"sceneViewState":{"m_AlwaysRefresh":false,"showFog":true,"showSkybox":false,"showFlares":true,"showImageEffects":true,"showParticleSystems":true,"showVisualEffectGraphs":true,"m_FxEnabled":true},"in2DMode":false,"pivot":{"x":0.9571596384048462,"y":2.1812400817871095,"z":-0.775813102722168},"rotation":{"x":0.6741018891334534,"y":-0.008423867635428906,"z":0.007691686972975731,"w":0.7385534644126892},"size":1.6468191146850587,"orthographic":true}